Workbook

Sheet Phụ lục I
A1: Phụ lục I: CHI TIẾT DANH MỤC THUỐC BỔ SUNG TẠI BỆNH VIỆN ĐÀ NẴNG NĂM 2026
A2: (Đính kèm Thông báo số /TB-BVĐN ngày / /2026 của Bệnh viện Đà Nẵng)
A4: STT | B4: TT20 | C4: Nhóm TCKT | D4: Tên thuốc | E4: Tên hoạt chất | F4: Nồng độ, hàm lượng | G4: Đường dùng | H4: Dạng bào chế | I4: Quy cách đóng gói | J4: Hạn dùng (tháng) | K4: SĐK hoặc số GPNK | L4: Cơ sở sản xuất | M4: Nước sản xuất | N4: Đơn vị tính | O4: Đơn giá | P4: Số lượng | Q4: Số lượng tuỳ chọn mua thêm | R4: Quyết định trúng thầu | S4: Lưu ý khi kê đơn | T4: Thuốc hiếm theo Thông tư số 26/2019/TT-BYT ngày 30/8/2019 | U4: Chỉ định phòng, chẩn đoán, điều trị bệnh hiếm gặp | V4: Tên nhà thầu
A5: 1 | B5: 563 | C5: Nhóm 2 | D5: Clopalvix | E5: Clopidogrel (tương đương clopidogrel bisulfat 97,86mg) | F5: 75mg | G5: Uống | H5: Viên nén bao phim | I5: Hộp 05 vỉ x 14 viên | K5: 893110657224 | L5: Công ty cổ phần dược phẩm Boston Việt Nam | M5: Việt Nam | N5: Viên | O5: 378 | P5: 8200 | R5: 165/QĐ-TTMS
A6: 2 | B6: 5 | C6: Nhóm 4 | D6: Diazepam 10mg/2ml | E6: Diazepam | F6: 10mg/2ml | G6: Tiêm | H6: Dung dịch tiêm | I6: Hộp 10 ống x 2ml | J6: 36 tháng | K6: 893112683724 (SĐK cũ: VD-25308-16) | L6: Công ty cổ phần dược phẩm Trung ương Vidipha | M6: Việt Nam | N6: Ống | O6: 8000 | P6: 3990 | Q6: =ROUNDDOWN((P6*30%),0) -> 1197 | R6: 449/QĐ-BVĐN | V6: CÔNG TY CỔ PHẦN DƯỢC PHẨM TRUNG ƯƠNG CPC1
A7: 3 | B7: 7 | C7: Nhóm 5 | D7: Thuốc tiêm Fentanyl citrate | E7: Fentanyl | F7: 500mcg | G7: Tiêm | H7: Dung dịch tiêm bắp, tiêm tĩnh mạch, truyền tĩnh mạch, tiêm ngoài màng cứng | I7: Hộp 2 ống x 10ml; Hộp 5 ống x 10ml | J7: 48 tháng | K7: 690111337925 (VN-18482-14) | L7: Yichang Humanwell Pharmaceutical Co.,Ltđ | M7: China | N7: Ống | O7: 28000 | P7: 15720 | Q7: =ROUNDDOWN((P7*30%),0) -> 4716 | R7: 449/QĐ-BVĐN | V7: CÔNG TY CỔ PHẦN DƯỢC PHẨM TRUNG ƯƠNG CODUPHA
A8: 4 | B8: 16 | C8: Nhóm 1 | D8: Opiphine | E8: Morphin | F8: Morphin 7,52mg hoặc 10mg dưới dạng muối | G8: Tiêm | H8: Dung dịch tiêm | I8: Hộp 10 ống 1ml | J8: 36 tháng | K8: 400111072223 (VN-19415-15) | L8: Siegfried Hameln GmbH | M8: Germany | N8: Ống | O8: 48968 | P8: 10350 | Q8: =ROUNDDOWN((P8*30%),0) -> 3105 | R8: 449/QĐ-BVĐN | V8: CÔNG TY CỔ PHẦN DƯỢC PHẨM TRUNG ƯƠNG CODUPHA
A9: 5 | B9: 20 | C9: Nhóm 1 | D9: Alcaine 0,5% | E9: Proparacain hydroclorid | F9: 0,5% (w/v) | G9: Nhỏ mắt | H9: Dung dịch nhỏ mắt | I9: Hộp 1 lọ 15ml | J9: 30 tháng | K9: 540110001624 | L9: Novartis Manufacturing NV | M9: Bỉ | N9: Lọ | O9: 39380 | P9: 120 | Q9: =ROUNDDOWN((P9*30%),0) -> 36 | R9: 449/QĐ-BVĐN | V9: CÔNG TY CỔ PHẦN DƯỢC - THIẾT BỊ Y TẾ ĐÀ NẴNG
A10: 6 | B10: 22 | C10: Nhóm 4 | D10: Vinropin 0,5% | E10: Ropivacain hydroclorid | F10: 50mg/10ml | G10: Tiêm | H10: Dung dịch tiêm | I10: Hộp 1 vỉ x 5 ống x 10ml | J10: 36 tháng | K10: 893114283224 | L10: Công ty Cổ phần Dược phẩm Vĩnh Phúc | M10: Việt Nam | N10: Ống | O10: 90000 | P10: 2000 | Q10: =ROUNDDOWN((P10*30%),0) -> 600 | R10: 449/QĐ-BVĐN | V10: CÔNG TY CỔ PHẦN DƯỢC PHẨM VĨNH PHÚC
A11: 7 | B11: 30 | C11: Nhóm 1 | D11: Rocuronium Kabi 10mg/ml | E11: Rocuronium bromid | F11: (10mg/ml) x 5ml | G11: Tiêm hoặc Truyền tĩnh mạch | H11: Dung dịch tiêm hoặc tiêm truyền | I11: Hộp 10 lọ x 5ml | J11: 24 tháng | K11: VN-22745-21 | L11: Fresenius Kabi Austria GmbH | M11: Áo | N11: Lọ | O11: 87300 | P11: 20400 | Q11: =ROUNDDOWN((P11*30%),0) -> 6120 | R11: 449/QĐ-BVĐN | V11: CÔNG TY CỔ PHẦN DƯỢC LIỆU TRUNG ƯƠNG 2
A12: 8 | B12: 30 | C12: Nhóm 4 | D12: Rocuronium 50mg | E12: Rocuronium bromid | F12: 50mg/5ml | G12: Tiêm/Tiêm truyền | H12: Dung dịch tiêm | I12: Hộp 4 vỉ, 10 vỉ x 5 ống x 5ml | J12: 36 tháng | K12: VD-35273-21 | L12: Công ty Cổ phần Dược phẩm Vĩnh Phúc | M12: Việt Nam | N12: Ống | O12: 41000 | P12: 13300 | Q12: =ROUNDDOWN((P12*30%),0) -> 3990 | R12: 449/QĐ-BVĐN | V12: CÔNG TY CỔ PHẦN DƯỢC PHẨM VĨNH PHÚC
A13: 9 | B13: 34 | C13: Nhóm 4 | D13: VINSINAT 10 mg | E13: Aescin | F13: 10mg | G13: Tiêm | H13: Thuốc tiêm đông khô | I13: Hộp 5 lọ + 5 ống dung môi; Hộp 5 lọ, 10 lọ | J13: Lọ thuốc tiêm đông khô: 36 tháng, Ống dung môi: 36 tháng | K13: VD-36171-22 | L13: Công ty cổ phần dược phẩm Vĩnh Phúc | M13: Việt Nam | N13: Lọ | O13: 84000 | P13: 4000 | Q13: =ROUNDDOWN((P13*30%),0) -> 1200 | R13: 449/QĐ-BVĐN | V13: CÔNG TY TNHH DP-TBYT BẢO MINH
A14: 10 | B14: 37 | C14: Nhóm 1 | D14: Voltaren 75mg/3ml | E14: Diclofenac | F14: 75mg/3ml | G14: Tiêm | H14: Dung dịch thuốc tiêm | I14: Hộp 1 vỉ x 5 ống 3ml | J14: 24 tháng | K14: VN-20041-16 (Có QĐ gia hạn số 853/QĐ-QLD ngày 30/12/2022) | L14: Lek Pharmaceuticals d.d. | M14: Slovenia | N14: Ống | O14: 19698 | P14: 1460 | Q14: =ROUNDDOWN((P14*30%),0) -> 438 | R14: 449/QĐ-BVĐN | V14: CÔNG TY CỔ PHẦN DƯỢC - THIẾT BỊ Y TẾ ĐÀ NẴNG
A15: 11 | B15: 77 | C15: Nhóm 1 | D15: Colchicina Seid 1mg Tablet | E15: Colchicin | F15: 1 mg | G15: Uống | H15: Viên nén | I15: Hộp 2 vỉ x 20 viên | J15: 60 tháng | K15: 840115989624 (VN-22254-19) | L15: Seid, S.A | M15: Spain | N15: Viên | O15: 5400 | P15: 1500 | Q15: =ROUNDDOWN((P15*30%),0) -> 450 | R15: 449/QĐ-BVĐN | V15: CÔNG TY TNHH THƯƠNG MẠI & DƯỢC PHẨM TÂM TOÀN PHÁT
A16: 12 | B16: 77 | C16: Nhóm 4 | D16: GOUTCOLCIN | E16: Colchicin | F16: 1mg | G16: Uống | H16: Viên nén | I16: Hộp 2 vỉ x 20 viên | J16: 24 tháng | K16: 893115430624 (VD-24115-16) | L16: CN Cty CPDP Agimexpharm - Nhà máy SX DP Agimexpharm | M16: Việt Nam | N16: Viên | O16: 600 | P16: 10410 | Q16: =ROUNDDOWN((P16*30%),0) -> 3123 | R16: 449/QĐ-BVĐN | V16: CÔNG TY CP DƯỢC PHẨM AGIMEXPHARM
A17: 13 | B17: 106 | C17: Nhóm 1 | D17: Telfast HD | E17: Fexofenadin | F17: 180mg | G17: Uống | H17: Viên nén bao phim | I17: Hộp 1 vỉ x 10 viên; Hộp 3 vỉ x 10 viên | J17: 36 tháng | K17: 893100314023 | L17: Công ty Cổ phần Sanofi Việt Nam | M17: Việt Nam | N17: Viên | O17: 8028 | P17: 4840 | Q17: =ROUNDDOWN((P17*30%),0) -> 1452 | R17: 449/QĐ-BVĐN | V17: CÔNG TY TNHH DƯỢC PHẨM VÀ TRANG THIẾT BỊ Y TẾ HOÀNG ĐỨC
... A30: 26 | B30: 241 | C30: Nhóm 4 | D30: Sulfadiazin Bạc | E30: Sulfadiazin bạc | F30: 1% (w/w) x 200g | G30: Dùng ngoài | H30: Kem bôi da | I30: Hộp 200g | J30: 36 tháng | K30: 893100130725 (VD-28280-17) | L30: Công ty CP Dược Medipharco | M30: Việt Nam | N30: Hộp | O30: 132000 | P30: 1560 | Q30: =ROUNDDOWN((P30*30%),0) -> 468 | R30: 449/QĐ-BVĐN | V30: LIÊN DANH MEDIPHARCO VÀ LƯƠNG ANH
A31: 27 | B31: 278 | C31: Nhóm 2 | D31: Myvelpa | E31: Sofosbuvir + velpatasvir | F31: Velpatasvir 100mg, Sofosbuvir 400mg | G31: Uống | H31: Viên nén bao phim | I31: Hộp 1 lọ x 28 viên | J31: 36 tháng | K31: 890110196823 (SĐK cũ: VN3-242-19) | L31: Mylan Laboratories Limited | M31: India | N31: Viên | O31: 194000 | P31: 3192 | Q31: =ROUNDDOWN((P31*30%),0) -> 957 | R31: 449/QĐ-BVĐN | S31: =VLOOKUP(B31,[1]GỐC!$B:$F,5,0) -> Quỹ bảo hiểm y tế thanh toán 50%. | V31: CÔNG TY CỔ PHẦN BẢO TOÀN PHARMA
A32: 28 | B32: 288 | C32: Nhóm 5 | D32: Amphotret | E32: Amphotericin B* | F32: 50mg | G32: Tiêm truyền | H32: Bột đông khô pha tiêm, truyền tĩnh mạch | I32: Hộp 1 lọ, Lọ bột đông khô pha tiêm | J32: 36 tháng | K32: VN-18166-14 | L32: Bharat Serums And Vaccines Limited | M32: India | N32: Lọ | O32: 200000 | P32: 190 | Q32: =ROUNDDOWN((P32*30%),0) -> 57 | R32: 449/QĐ-BVĐN | S32: =VLOOKUP(B32,[1]GỐC!$B:$F,5,0) -> BBHC + Phiếu duyệt KS + Duyệt GĐ | V32: CÔNG TY CỔ PHẦN VILOGI
A33: 29 | B33: 288 | C33: Nhóm 5 | D33: Ampholip | E33: Amphotericin B* | F33: 5 mg/ml | G33: Tiêm | H33: Phức hợp lipid tiêm tĩnh mạch | I33: Hộp 1 Lọ, lọ 10 ml phức hợp lipid tiêm tĩnh mạch kèm kim tiêm lọc vô trùng | J33: 36 tháng | K33: VN-19392-15 | L33: Bharat Serums and Vaccines Limited | M33: Ấn Độ | N33: Lọ | O33: 1800000 | P33: 90 | Q33: =ROUNDDOWN((P33*30%),0) -> 27 | R33: 449/QĐ-BVĐN | S33: =VLOOKUP(B33,[1]GỐC!$B:$F,5,0) -> BBHC + Phiếu duyệt KS + Duyệt GĐ | V33: CÔNG TY TNHH DƯỢC PHẨM VIHAPHA
A34: 30 | B34: 302 | C34: Nhóm 1 | D34: Mycamine for injection 50mg/vial | E34: Micafungin | F34: 50mg | G34: Tiêm | H34: Bột đông khô pha dung dịch tiêm | I34: Hộp 1 lọ | J34: 36 tháng | K34: VN3-102-18 | L34: Astellas Pharma Tech Co., Ltd. Takaoka Plant | M34: Nhật | N34: Lọ | O34: 2388750 | P34: 60 | Q34: =ROUNDDOWN((P34*30%),0) -> 18 | R34: 449/QĐ-BVĐN | S34: =VLOOKUP(B34,[1]GỐC!$B:$F,5,0) -> Quỹ bảo hiểm y tế thanh toán trong điều trị COVID-19 theo hướng dẫn chẩn đoán và điều trị COVID-19 của Bộ Y tế. | V34: CÔNG TY CỔ PHẦN DƯỢC LIỆU TRUNG ƯƠNG 2
A35: 31 | B35: 324 | C35: Nhóm 3 | D35: Turbezid | E35: Rifampicin + isoniazid + pyrazinamid | F35: 150mg +75mg +400 mg | G35: Uống | H35: Viên nén bao phim | I35: Hộp 3 vỉ x 12 viên | J35: 48 tháng | K35: 893110160824 | L35: Công ty cổ phần dược phẩm Nam Hà | M35: Việt Nam | N35: Viên | O35: 2798 | P35: 2400 | Q35: =ROUNDDOWN((P35*30%),0) -> 720 | R35: 449/QĐ-BVĐN | V35: CÔNG TY CỔ PHẦN DƯỢC PHẨM NAM HÀ
A36: 32 | B36: 348 | C36: Nhóm 5 | D36: Bleomycin Bidiphar | E36: Bleomycin | F36: 15U | G36: Tiêm | H36: Bột đông khô pha tiêm | I36: Hộp 1 lọ | J36: 24 tháng | K36: 893114092923 (QLĐB-768-19) | L36: Cơ sở sản xuất: Công ty cổ phần Dược - Trang thiết bị y tế Bình Định (Bidiphar). Nhà máy sản xuất: Chi nhánh Công ty cổ phần Dược - Trang thiết bị y tế Bình Định (Bidiphar) - Nhà máy công nghệ cao Nhơn Hội | M36: Việt Nam | N36: Lọ | O36: 420000 | P36: 150 | Q36: =ROUNDDOWN((P36*30%),0) -> 45 | R36: 449/QĐ-BVĐN | V36: CÔNG TY CỔ PHẦN DƯỢC - TRANG THIẾT BỊ Y TẾ BÌNH ĐỊNH (BIDIPHAR)
A37: 33 | B37: 356 | C37: Nhóm 1 | D37: Alexan | E37: Cytarabin | F37: 50mg/ml | G37: Tiêm truyền tĩnh mạch, tiêm dưới da | H37: Dung dịch tiêm, tiêm truyền | I37: Hộp 1 lọ 10ml | J37: 24 tháng | K37: VN-20580-17 | L37: Fareva Unterach GmbH | M37: Áo | N37: Lọ | O37: 249750 | P37: 1540 | Q37: =ROUNDDOWN((P37*30%),0) -> 462 | R37: 449/QĐ-BVĐN | V37: CÔNG TY CỔ PHẦN DƯỢC LIỆU TRUNG ƯƠNG 2
A38: 34 | B38: 359 | C38: Nhóm 5 | D38: Daunocin | E38: Daunorubicin | F38: 20mg | G38: Tiêm truyền | H38: Bột đông khô pha tiêm | I38: Hộp 1 lọ | J38: 36 tháng | K38: VN-17487-13 | L38: Korea United Pharm. Inc. | M38: Korea | N38: Lọ | O38: 263000 | P38: 400 | Q38: =ROUNDDOWN((P38*30%),0) -> 120 | R38: 449/QĐ-BVĐN | V38: CÔNG TY TNHH BIONAM
A39: 35 | B39: 362 | C39: Nhóm 1 | D39: Doxorubicin "Ebewe" | E39: Doxorubicin | F39: 2mg/ml | G39: Tiêm truyền tĩnh mạch | H39: Dung dịch đậm đặc để pha dung dịch tiêm truyền | I39: Hộp 1 lọ 5ml | J39: 24 tháng | K39: 900114412423 | L39: Fareva Unterach GmbH | M39: Áo | N39: Lọ | O39: 184691 | P39: 200 | Q39: =ROUNDDOWN((P39*30%),0) -> 60 | R39: 449/QĐ-BVĐN | S39: =VLOOKUP(B39,[1]GỐC!$B:$F,5,0) -> Quỹ bảo hiểm y tế thanh toán 50% đối với dạng liposome; thanh toán 100% đối với các dạng khác. | V39: CÔNG TY CỔ PHẦN DƯỢC LIỆU TRUNG ƯƠNG 2
A40: 36 | B40: 369 | C40: Nhóm 2 | D40: Hytinon | E40: Hydroxyurea (Hydroxycarbamid) | F40: 500mg | G40: Uống | H40: Viên nang cứng | I40: Hộp 100 viên, túi nhôm x 10 vỉ x 10 viên nang cứng | J40: 36 tháng | K40: 880114031225 (SĐK cũ: VN-22158-19) | L40: Korea United Pharm.Inc. | M40: Hàn Quốc | N40: Viên | O40: 4800 | P40: 70050 | Q40: =ROUNDDOWN((P40*30%),0) -> 21015 | R40: 449/QĐ-BVĐN | V40: CÔNG TY CỔ PHẦN VILLA-VILLA
A41: 37 | B41: 373 | C41: Nhóm 1 | D41: Spectrila | E41: L-asparaginase | F41: 10.000 I.U | G41: Tiêm truyền | H41: Bột đông khô pha tiêm truyền | I41: Hộp 1 lọ x 10.000 I.U L-asparaginase | J41: 48 tháng | K41: 3986/QLD-KD 2506/QLD-KD 1865/QLD-KD | L41: - Cơ sở sản xuất: LYOCONTRACT GmbH - SHGP, đóng gói thứ cấp, xuất xưởng: Medac Gesellschaft fur klinische Spezialpraparate mbH | M41: - Cơ sở sản xuất: Đức - SHGP,đóng gói thứ cấp, xuất xưởng: Đức | N41: Lọ | O41: 5302000 | P41: 64 | Q41: =ROUNDDOWN((P41*30%),0) -> 19 | R41: 449/QĐ-BVĐN | S41: =VLOOKUP(B41,[1]GỐC!$B:$F,5,0) -> Quỹ bảo hiểm y tế thanh toán 50% đối với dạng L-asparaginase erwinia; thanh toán 100% đối với các dạng khác. | V41: CÔNG TY TNHH DƯỢC PHẨM VIỆT - PHÁP
A42: 38 | B42: 415 | C42: Nhóm 5 | D42: Thymogam | E42: Anti thymocyte globulin | F42: 250mg/5ml | G42: Tiêm truyền | H42: Dung dịch tiêm truyền | I42: Hộp 1 lọ 5ml | J42: 24 tháng | K42: 622/QLD-KD | L42: BHARAT SERUMS AND VACCINES LIMITED | M42: Ấn Độ | N42: Lọ | O42: 3000000 | P42: 39 | Q42: =ROUNDDOWN((P42*30%),0) -> 11 | R42: 449/QĐ-BVĐN | V42: CÔNG TY CỔ PHẦN MEDCOMTECH
A43: 39 | B43: 419 | C43: Nhóm 5 | D43: Simulect | E43: Basiliximab | F43: 20mg | G43: Tiêm | H43: Bột pha tiêm | I43: Hộp 1 lọ bột pha tiêm | J43: 36 tháng | K43: 800410322725 | L43: Cơ sở sản xuất và đóng gói cấp 1: Patheon Italia S.p.A; Cơ sở sản xuất ống dung môi, đóng gói cấp 2 và xuất xưởng: Delpharm Dijon | M43: Cơ sở sản xuất và đóng gói cấp 1: Ý; Cơ sở sản xuất ống dung môi, đóng gói cấp 2 và xuất xưởng: Pháp | N43: Lọ | O43: 29682123 | P43: 36 | Q43: =ROUNDDOWN((P43*30%),0) -> 10 | R43: 449/QĐ-BVĐN | S43: =VLOOKUP(B43,[1]GỐC!$B:$F,5,0) -> Quỹ bảo hiểm y tế thanh toán 50%. | V43: CÔNG TY CỔ PHẦN DƯỢC LIỆU TRUNG ƯƠNG 2
A44: 40 | B44: 422 | C44: Nhóm 1 | D44: Myfortic 360mg | E44: Mycophenolat | F44: 360mg | G44: Uống | H44: Viên nén bao tan trong ruột | I44: Hộp 12 vỉ x 10 viên | J44: 36 tháng | K44: 400114430523 | L44: Cơ sở sản xuất: Novartis Pharma Produktions GmbH; Cơ sở đóng gói và xuất xưởng: Lek d.d., PE Proizvodnja Lendava | M44: Cơ sở sản xuất: Đức; Cơ sở đóng gói và xuất xưởng: Slovenia | N44: Viên | O44: 43621 | P44: 33000 | Q44: =ROUNDDOWN((P44*30%),0) -> 9900 | R44: 449/QĐ-BVĐN | V44: CÔNG TY CỔ PHẦN DƯỢC LIỆU TRUNG ƯƠNG 2
A45: 41 | B45: 434 | C45: Nhóm 4 | D45: Pakicen 250/25 | E45: Levodopa + carbidopa | F45: 25mg+250mg | G45: Uống | H45: Viên nén | I45: Hộp 03 vỉ x 10 viên, Hộp 05 vỉ x 10 viên, Hộp 10 vỉ x 10 viên | J45: 36 tháng | K45: 893110272625 | L45: Công ty Cổ phần Medcen | M45: Việt Nam | N45: Viên | O45: 3466 | P45: 66000 | Q45: =ROUNDDOWN((P45*30%),0) -> 19800 | R45: 449/QĐ-BVĐN | V45: CÔNG TY TNHH THƯƠNG MẠI DƯỢC PHẨM MINH TÍN
A46: 42 | B46: 444 | C46: Nhóm 4 | D46: Furemin | E46: Sắt (III) hydroxyd polymaltose | F46: 50mg/5ml | G46: Uống | H46: Sirô | I46: Hộp 20 ống x 10ml | J46: 24 tháng | K46: 893100084825 | L46: Công ty cổ phần dược phẩm Thành Phát | M46: Việt Nam | N46: Ống | O46: 7489 | P46: 2770 | Q46: =ROUNDDOWN((P46*30%),0) -> 831 | R46: 449/QĐ-BVĐN | V46: CÔNG TY TNHH THƯƠNG MẠI DƯỢC PHẨM ENDOPHACO
A47: 43 | B47: 450 | C47: Nhóm 2 | D47: Fegem-100 | E47: Sắt (III) hydroxyd polymaltose + acid folic | F47: 100mg + 0,35mg | G47: Uống | H47: Viên nén nhai | I47: Hộp 10 vỉ xé x 10 viên | J47: 24 tháng | K47: 890100046225 (VN-14829-12) | L47: Torrent Pharmaceuticals Ltd. | M47: Ấn Độ | N47: Viên | O47: 2625 | P47: 10000 | Q47: =ROUNDDOWN((P47*30%),0) -> 3000 | R47: 449/QĐ-BVĐN | V47: CÔNG TY TNHH DƯỢC PHẨM VÀ TRANG THIẾT BỊ Y TẾ HOÀNG ĐỨC
A48: 44 | B48: 463 | C48: Nhóm 1 | D48: Albunorm 20% | E48: Albumin | F48: 10g/50ml; 100ml | G48: Tiêm truyền | H48: Dung dịch tiêm truyền | I48: Hộp 1 lọ x 100ml | J48: 36 tháng | K48: "400410646324 (QLSP-1129-18)" | L48: Cơ sở sản xuất bán thành phẩm đóng gói cấp 1 và xuất xưởng lô: Octapharma Produktionsgesellschaft Deutschland mbH; Cơ sở đóng gói cấp 2: Octapharma Dessau GmbH | M48: Germany | N48: Lọ | O48: 1493000 | P48: 905 | Q48: =ROUNDDOWN((P48*30%),0) -> 271 | R48: 449/QĐ-BVĐN | S48: =VLOOKUP(B48,[1]GỐC!$B:$F,5,0) -> Quỹ bảo hiểm y tế thanh toán trong trường hợp: Nồng độ albumin máu ≤ 2,5 g/dl hoặc sốc hoặc hội chứng suy hô hấp tiến triển; thanh toán 70%. | V48: CÔNG TY TNHH BÌNH VIỆT ĐỨC
A49: 45 | B49: 484 | C49: Nhóm 2 | D49: Epokine Prefilled injection 2000Units/0,5ml | E49: Erythropoietin | F49: 2000IU/0,5ml | G49: Tiêm | H49: Dung dịch tiêm | I49: Hộp 6 bơm tiêm x 0,5ml | J49: 24 tháng | K49: 880410110624 | L49: HK inno.N Corporation | M49: Hàn Quốc | N49: Bơm tiêm | O49: 175000 | P49: 17020 | Q49: =ROUNDDOWN((P49*30%),0) -> 5106 | R49: 449/QĐ-BVĐN | V49: CÔNG TY TNHH DƯỢC PHẨM ĐÔNG ĐÔ
A50: 46 | B50: 484 | C50: Nhóm 2 | D50: Epokine Prefilled Injection 4000IU/0,4ml | E50: Erythropoietin | F50: 4000IU/0,4ml | G50: Tiêm | H50: Dung dịch tiêm | I50: Hộp 6 bơm tiêm x 0,4ml | J50: 24 tháng | K50: QLSP-0666-13 | L50: HK inno.N Corporation | M50: Hàn Quốc | N50: Bơm tiêm | O50: 274500 | P50: 3520 | Q50: =ROUNDDOWN((P50*30%),0) -> 1056 | R50: 449/QĐ-BVĐN | V50: CÔNG TY TNHH DƯỢC PHẨM ĐÔNG ĐÔ
A51: 47 | B51: 485 | C51: Nhóm 5 | D51: NEUTROMAX | E51: Filgrastim | F51: 300mcg | G51: Tiêm | H51: Dung dịch tiêm | I51: Hộp 1 lọ 1ml dung dịch tiêm | J51: 24 | K51: QLSP-0804-14 | L51: BIO SIDUS S.A. | M51: Argentina | N51: Lọ | O51: 142277 | P51: 1410 | Q51: =ROUNDDOWN((P51*30%),0) -> 423 | R51: 449/QĐ-BVĐN | V51: CÔNG TY TNHH DƯỢC PHẨM TỨ HƯNG
A52: 48 | B52: 506 | C52: Nhóm 1 | D52: Telassmo 40 mg/5 mg | E52: Amlodipin + telmisartan | F52: 40mg + 5mg | G52: Uống | H52: Viên nén | I52: Hộp 4 vỉ x 7 viên | J52: 36 tháng | K52: 383110326825 | L52: KRKA, D.D., Novo Mesto | M52: Slovenia | N52: Viên | O52: 10395 | P52: 105000 | Q52: =ROUNDDOWN((P52*30%),0) -> 31500 | R52: 449/QĐ-BVĐN | V52: CÔNG TY CỔ PHẦN Y DƯỢC VSK
A53: 49 | B53: 540 | C53: Nhóm 3 | D53: Nifedipin Hasan 20 Retard | E53: Nifedipin | F53: 20mg | G53: Uống | H53: viên nén bao phim tác dụng kéo dài | I53: Hộp 3 vỉ, 10 vỉ x 10 viên | J53: 36 tháng | K53: 893110458024 | L53: Công ty TNHH Hasan - Dermapharm | M53: Việt Nam | N53: Viên | O53: 672 | P53: 7420 | Q53: =ROUNDDOWN((P53*30%),0) -> 2226 | R53: 449/QĐ-BVĐN | V53: CÔNG TY TNHH DƯỢC PHẨM VIỆT ĐỨC
A54: 50 | B54: 563 | C54: Nhóm 4 | D54: Ediwel | E54: Clopidogrel | F54: 75mg | G54: Uống | H54: Viên nang cứng | I54: Hộp 10 vỉ x 10 viên | J54: 24 tháng | K54: 893110164425 (VD-20441-14) | L54: Công Ty Cổ Phần Dược Phẩm Hà Tây | M54: Việt Nam | N54: Viên | O54: 1950 | P54: 512580 | Q54: =ROUNDDOWN((P54*30%),0) -> 153774 | R54: 449/QĐ-BVĐN | V54: CÔNG TY TNHH TRANG THIẾT BỊ Y TẾ VÀ DƯỢC PHẨM NGUYÊN PHÁT
A55: 51 | B55: 625 | C55: Nhóm 1 | D55: Fucidin H | E55: Fusidic acid + hydrocortison | F55: 20mg/g + 10mg/g | G55: Dùng ngoài | H55: Kem | I55: Hộp 1 tuýp 15g | J55: 36 tháng | K55: 539110034823 | L55: LEO Laboratories Limited | M55: Ireland | N55: Tuýp | O55: 97130 | P55: 55 | Q55: =ROUNDDOWN((P55*30%),0) -> 16 | R55: 449/QĐ-BVĐN | V55: CÔNG TY CỔ PHẦN DƯỢC - THIẾT BỊ Y TẾ ĐÀ NẴNG
A56: 52 | B56: 666 | C56: Nhóm 4 | D56: Natri clorid 0,9% | E56: Natri clorid | F56: 0,9%;500ml | G56: Dùng ngoài | H56: Dung dịch vô khuẩn dùng trong phẫu thuật | I56: Thùng 20 Chai x 500ml dùng ngoài | J56: 24 tháng | K56: 893110118523 | L56: Công ty cổ phần kỹ thuật Dược Bình Định | M56: Việt Nam | N56: Chai | O56: 6800 | P56: 11150 | Q56: =ROUNDDOWN((P56*30%),0) -> 3345 | R56: 449/QĐ-BVĐN | V56: CÔNG TY TNHH MỘT THÀNH VIÊN DƯỢC SÀI GÒN
A57: 53 | B57: 666 | C57: Nhóm 4 | D57: Natri clorid 0,9% | E57: Natri clorid | F57: 0,9%;1000ml | G57: Dùng ngoài | H57: Dung dịch vô khuẩn dùng trong phẫu thuật | I57: Thùng 12 Chai x 1000ml dùng ngoài | J57: 24 tháng | K57: 893110118523 | L57: Công ty cổ phần kỹ thuật Dược Bình Định | M57: Việt Nam | N57: Chai | O57: 10080 | P57: 260 | Q57: =ROUNDDOWN((P57*30%),0) -> 78 | R57: 449/QĐ-BVĐN | V57: CÔNG TY TNHH MỘT THÀNH VIÊN DƯỢC SÀI GÒN
A58: 54 | B58: 666 | C58: Nhóm 4 | D58: Natri clorid 0,9% | E58: Natri clorid | F58: 0,9%;500ml | G58: Dùng ngoài | H58: Dung dịch vô khuẩn dùng trong phẫu thuật | I58: Thùng 20 Chai x 500ml dùng ngoài | J58: 24 tháng | K58: 893110118523 | L58: Công ty cổ phần kỹ thuật Dược Bình Định | M58: Việt Nam | N58: Chai | O58: 6800 | P58: 1090 | Q58: =ROUNDDOWN((P58*30%),0) -> 327 | R58: 449/QĐ-BVĐN | V58: CÔNG TY TNHH MỘT THÀNH VIÊN DƯỢC SÀI GÒN
A59: 55 | B59: 670 | C59: Nhóm 1 | D59: Verospiron 25mg | E59: Spironolacton | F59: 25mg | G59: Uống | H59: Viên nén | I59: Hộp 1 vỉ x 20 viên | J59: 36 tháng | K59: VN-16485-13 | L59: Gedeon Richter Plc | M59: Hungary | N59: Viên | O59: 3125 | P59: 324040 | Q59: =ROUNDDOWN((P59*30%),0) -> 97212 | R59: 449/QĐ-BVĐN | V59: CÔNG TY CỔ PHẦN DƯỢC PHẨM BẾN TRE
A60: 56 | B60: 670 | C60: Nhóm 1 | D60: Spirovell | E60: Spironolacton | F60: 50mg | G60: Uống | H60: Viên nén | I60: Hộp 1 lọ 100 viên | J60: 36 tháng | K60: 640110123224 | L60: Orion Corporation/ Orion Pharma (Cơ sở chịu trách nhiệm xuất xưởng: Orion Corporation/ Orion Pharma (Địa chỉ: Joensuunkatu 7 FI-24100 Salo, Finland)) | M60: Phần Lan | N60: Viên | O60: 4935 | P60: 444680 | Q60: =ROUNDDOWN((P60*30%),0) -> 133404 | R60: 449/QĐ-BVĐN | V60: CÔNG TY TNHH DP-TBYT BẢO MINH
... A64: 60 | B64: 679 | C64: Nhóm 4 | D64: Biviantac Fort | E64: Magnesi hydroxyd + nhôm hydroxyd + simethicon | F64: 400mg; 400mg; 61,54mg (tương đương 40mg simethicone) | G64: Uống | H64: Viên nén nhai | I64: Hộp 3 vỉ, 4 vỉ, 5 vỉ x 10 viên | J64: 36 tháng | K64: 893100459423 | L64: Công ty cổ phần dược phẩm Reliv | M64: Việt Nam | N64: Viên | O64: 3948 | P64: 7300 | Q64: =ROUNDDOWN((P64*30%),0) -> 2190 | R64: 449/QĐ-BVĐN | V64: CÔNG TY TNHH TM DƯỢC PHẨM KHANG TÍN
A65: 61 | B65: 685 | C65: Nhóm 1 | D65: Rabeloc I.V. | E65: Rabeprazol | F65: 20mg | G65: Tiêm | H65: Bột đông khô pha tiêm | I65: Hộp 1 lọ | J65: 36 tháng | K65: VN-16603-13 | L65: Cadila Pharmaceuticals Ltd. | M65: Ấn Độ | N65: Lọ | O65: 133300 | P65: 92620 | Q65: =ROUNDDOWN((P65*30%),0) -> 27786 | R65: 449/QĐ-BVĐN | S65: =VLOOKUP(B65,[1]GỐC!$B:$F,5,0) -> Quỹ BHYT thanh toán theo chỉ định trong tờ hướng dẫn sử dụng thuốc kèm theo hồ sơ đăng ký thuốc đã được cấp phép hoặc hướng dẫn chẩn đoán và điều trị của Bộ Y tế hoặc chỉ định dự phòng loét dạ dày tá tràng, xuất huyết tiêu hóa tại dạ dày, tá tràng do stress ở bệnh nhân hồi sức tích cực. | V65: CÔNG TY TNHH DƯỢC PHẨM HELIOS
A66: 62 | B66: 685 | C66: Nhóm 2 | D66: Naprozole-R | E66: Rabeprazol | F66: 20mg | G66: Tiêm | H66: Bột đông khô pha tiêm | I66: Hộp 01 lọ | J66: 24 tháng | K66: 890110412023 (VN-19509-15) | L66: Naprod Life Sciences Pvt. Ltd. | M66: Ấn Độ | N66: Lọ | O66: 106000 | P66: 80300 | Q66: =ROUNDDOWN((P66*30%),0) -> 24090 | R66: 449/QĐ-BVĐN | S66: =VLOOKUP(B66,[1]GỐC!$B:$F,5,0) -> Quỹ BHYT thanh toán theo chỉ định trong tờ hướng dẫn sử dụng thuốc kèm theo hồ sơ đăng ký thuốc đã được cấp phép hoặc hướng dẫn chẩn đoán và điều trị của Bộ Y tế hoặc chỉ định dự phòng loét dạ dày tá tràng, xuất huyết tiêu hóa tại dạ dày, tá tràng do stress ở bệnh nhân hồi sức tích cực. | V66: CÔNG TY TNHH MEDI GOLDEN
A67: 63 | B67: 685 | C67: Nhóm 5 | D67: Rabeto-40 | E67: Rabeprazol | F67: Rabeprazole natri 40mg | G67: Uống | H67: Viên nén bao tan trong ruột | I67: Hộp 10 vỉ x 10 viên | J67: 24 tháng | K67: VN-19733-16 | L67: Flamingo Pharmaceuticals Limited | M67: India | N67: Viên | O67: 8500 | P67: 198210 | Q67: =ROUNDDOWN((P67*30%),0) -> 59463 | R67: 449/QĐ-BVĐN | S67: =VLOOKUP(B67,[1]GỐC!$B:$F,5,0) -> Quỹ BHYT thanh toán theo chỉ định trong tờ hướng dẫn sử dụng thuốc kèm theo hồ sơ đăng ký thuốc đã được cấp phép hoặc hướng dẫn chẩn đoán và điều trị của Bộ Y tế hoặc chỉ định dự phòng loét dạ dày tá tràng, xuất huyết tiêu hóa tại dạ dày, tá tràng do stress ở bệnh nhân hồi sức tích cực. | V67: CÔNG TY TNHH THƯƠNG MẠI & DƯỢC PHẨM TÂM TOÀN PHÁT
A68: 64 | B68: 692 | C68: Nhóm 4 | D68: Vinsetron | E68: Granisetron hydroclorid | F68: 1mg/1ml | G68: Tiêm/Tiêm truyền | H68: Dung dịch tiêm | I68: Hộp 5 vỉ x 10 ống x 1ml | J68: 36 tháng | K68: VD-34794-20 | L68: Công ty Cổ phần Dược phẩm Vĩnh Phúc | M68: Việt Nam | N68: Ống | O68: 3970 | P68: 1000 | Q68: =ROUNDDOWN((P68*30%),0) -> 300 | R68: 449/QĐ-BVĐN | V68: CÔNG TY CỔ PHẦN DƯỢC PHẨM VĨNH PHÚC
A69: 65 | B69: 692 | C69: Nhóm 1 | D69: Granisetron Kabi 1mg/ml | E69: Granisetron hydroclorid | F69: 1mg/ml | G69: Tiêm hoặc tiêm truyền tĩnh mạch | H69: Dung dịch đậm đặc pha tiêm hoặc tiêm truyền | I69: Hộp 5 ống x 1ml | J69: 36 tháng | K69: 560110987324 | L69: Labesfal - Laboratórios Almiro, S.A | M69: Bồ Đào Nha | N69: Ống | O69: 23988 | P69: 510 | Q69: =ROUNDDOWN((P69*30%),0) -> 153 | R69: 449/QĐ-BVĐN | V69: CÔNG TY CỔ PHẦN DƯỢC LIỆU TRUNG ƯƠNG 2
A70: 66 | B70: 695 | C70: Nhóm 1 | D70: P-Cet 250 | E70: Palonosetron hydroclorid | F70: 0,25mg/5ml | G70: Tiêm | H70: Dung dịch tiêm | I70: Hộp 1 lọ | J70: 24 tháng | K70: 840110428023 | L70: Laboratorio Reig Jofre, S.A | M70: Spain | N70: Lọ | O70: 525000 | P70: 110 | Q70: =ROUNDDOWN((P70*30%),0) -> 33 | R70: 449/QĐ-BVĐN | V70: CÔNG TY TNHH DƯỢC PHẨM HELIOS
A71: 67 | B71: 695 | C71: Nhóm 5 | D71: Palovin inj | E71: Palonosetron hydroclorid | F71: 0,25mg/5ml | G71: Tiêm/Tiêm truyền | H71: Dung dịch tiêm | I71: Hộp 1 ống x 5ml | J71: 36 tháng | K71: VD-35462-21 | L71: Công ty Cổ phần Dược phẩm Vĩnh Phúc | M71: Việt Nam | N71: Ống | O71: 12100 | P71: 1500 | Q71: =ROUNDDOWN((P71*30%),0) -> 450 | R71: 449/QĐ-BVĐN | V71: CÔNG TY CỔ PHẦN DƯỢC PHẨM VĨNH PHÚC
A72: 68 | B72: 709 | C72: Nhóm 4 | D72: Companity | E72: Lactulose | F72: 670mg/ml x 7,5ml | G72: Uống | H72: Dung dịch uống | I72: Hộp 20 ống x 7,5ml | J72: 36 tháng | K72: 893100151224 | L72: Công ty cổ phần dược phẩm CPC1 Hà Nội | M72: Việt Nam | N72: Ống | O72: 3300 | P72: 21000 | Q72: =ROUNDDOWN((P72*30%),0) -> 6300 | R72: 449/QĐ-BVĐN | V72: CÔNG TY CỔ PHẦN DƯỢC PHẨM CPC1 HÀ NỘI
A73: 69 | B73: 994 | C73: Nhóm 4 | D73: Magnesi sulfat Kabi 15% | E73: Magnesi sulfat | F73: 15%/10ml | G73: Tiêm | H73: Dung dịch tiêm | I73: Hộp 50 ống x 10ml | J73: 36 tháng | K73: VD-19567-13 (QĐ gia hạn số 574/QĐ-QLD ngày 26/09/2022) | L73: Công ty Cổ phần Fresenius Kabi Việt Nam | M73: Việt Nam | N73: Ống | O73: 2900 | P73: 6020 | Q73: =ROUNDDOWN((P73*30%),0) -> 1806 | R73: 449/QĐ-BVĐN | V73: CÔNG TY TNHH DƯỢC PHẨM TRUNG VIỆT
A74: 70 | B74: 719 | C74: Nhóm 4 | D74: Berberin | E74: Berberin (hydroclorid) | F74: 100mg | G74: Uống | H74: Viên nang cứng | I74: Hộp 20 vỉ x 10 viên | J74: 24 tháng | K74: VD-19319-13 | L74: Công ty cổ phần Dược - Trang thiết bị y tế Bình Định (Bidiphar) | M74: Việt Nam | N74: Viên | O74: 504 | P74: 3000 | Q74: =ROUNDDOWN((P74*30%),0) -> 900 | R74: 449/QĐ-BVĐN | V74: CÔNG TY CỔ PHẦN DƯỢC - TRANG THIẾT BỊ Y TẾ BÌNH ĐỊNH (BIDIPHAR)
A75: 71 | B75: 749 | C75: Nhóm 4 | D75: Vindexa 10 mg/ 1 ml | E75: Dexamethason | F75: 10mg/1ml | G75: Tiêm | H75: Dung dịch tiêm | I75: Hộp 1 vỉ x 10 ống x 1ml; Hộp 2 vỉ x 10 ống x 1ml; Hộp 5 vỉ x 10 ống x 1ml | J75: 36 tháng | K75: 893110474625 | L75: Công ty Cổ phần Dược phẩm Vĩnh Phúc | M75: Việt Nam | N75: Ống | O75: 39400 | P75: 5000 | Q75: =ROUNDDOWN((P75*30%),0) -> 1500 | R75: 449/QĐ-BVĐN | S75: =VLOOKUP(B75,[1]GỐC!$B:$F,5,0) -> Quỹ bảo hiểm y tế không thanh toán trường hợp tiêm trong dịch kính, tiêm nội nhãn. | V75: CÔNG TY CỔ PHẦN DƯỢC PHẨM VĨNH PHÚC
A76: 72 | B76: 754 | C76: Nhóm 4 | D76: Vinphason | E76: Hydrocortison | F76: 100mg | G76: Tiêm/Tiêm truyền | H76: Thuốc tiêm đông khô | I76: Hộp 10 lọ x 10 ống dung môi 2ml | J76: 36 tháng | K76: 893110219823 | L76: Công ty Cổ phần Dược phẩm Vĩnh Phúc | M76: Việt Nam | N76: Lọ | O76: 6489 | P76: 6770 | Q76: =ROUNDDOWN((P76*30%),0) -> 2031 | R76: 449/QĐ-BVĐN | V76: CÔNG TY CỔ PHẦN DƯỢC PHẨM VĨNH PHÚC
A77: 73 | B77: 755 | C77: Nhóm 1 | D77: Methylprednisolone Normon 40 mg Powder for injectable solution | E77: Methyl prednisolon | F77: 40mg | G77: Tiêm tĩnh mạch, tiêm bắp | H77: Bột đông khô pha tiêm | I77: Hộp 1 lọ | J77: 24 tháng | K77: 840110444723 | L77: Laboratorios Normon, S.A. | M77: Tây Ban Nha | N77: Lọ | O77: 34634 | P77: 5730 | Q77: =ROUNDDOWN((P77*30%),0) -> 1719 | R77: 449/QĐ-BVĐN | V77: Công ty TNHH Dược phẩm Nufamed
A78: 74 | B78: 755 | C78: Nhóm 4 | D78: Vinsolon | E78: Methyl prednisolon | F78: 40mg | G78: Tiêm/Tiêm truyền | H78: Thuốc tiêm đông khô | I78: Hộp 10 lọ + 10 ống dung môi pha tiêm | J78: Lọ thuốc tiêm đông khô: 36 tháng ; Ống dung môi pha tiêm: 60 tháng | K78: 893110219923 | L78: Công ty Cổ phần Dược phẩm Vĩnh Phúc | M78: Việt Nam | N78: Lọ | O78: 14000 | P78: 24690 | Q78: =ROUNDDOWN((P78*30%),0) -> 7407 | R78: 449/QĐ-BVĐN | V78: CÔNG TY CỔ PHẦN DƯỢC PHẨM VĨNH PHÚC
A79: 75 | B79: 756 | C79: Nhóm 4 | D79: Prednisolon | E79: Prednisolon acetat (natri phosphate) | F79: 5mg | G79: Uống | H79: Viên nén | I79: Hộp 50 vỉ x 20 viên | J79: 36 tháng | K79: 893110375523 (VD-31253-18) (CV gia hạn số 776/QĐ-QLD ngày 19/10/2023) | L79: Công ty Cổ phần Dược phẩm Vĩnh Phúc | M79: Việt Nam | N79: Viên | O79: 85 | P79: 37670 | Q79: =ROUNDDOWN((P79*30%),0) -> 11301 | R79: 449/QĐ-BVĐN | V79: CÔNG TY CỔ PHẦN DƯỢC PHẨM VĨNH PHÚC
A80: 76 | B80: 770 | C80: Nhóm 1 | D80: Deca-Durabolin | E80: Nandrolon decanoat | F80: 50mg/ml | G80: Tiêm bắp (IM) | H80: Dung dịch tiêm dầu | I80: Hộp 1 ống 1 ml | J80: 36 tháng | K80: VN-23102-22 | L80: Ever Pharma Jena GmbH | M80: Đức | N80: Ống | O80: 231837 | P80: 120 | Q80: =ROUNDDOWN((P80*30%),0) -> 36 | R80: 449/QĐ-BVĐN | V80: CÔNG TY CỔ PHẦN DƯỢC LIỆU TRUNG ƯƠNG 2
A81: 77 | B81: 788 | C81: Nhóm 1 | D81: Humalog Mix 75/25 Kwikpen | E81: Insulin analog trộn, hỗn hợp | F81: 300U (tương đương 10,5mg)/3ml | G81: Tiêm | H81: Hỗn dịch tiêm | I81: Hộp 5 bút tiêm bơm sẵn thuốc x 3ml (15 kim kèm theo) | J81: 36 tháng | K81: QLSP-1088-18 (Có QĐ gia hạn số 302/QĐ-QLD ngày 27/04/2023) | L81: CSSX ống thuốc: Lilly France; Cơ sở lắp ráp, đóng gói bút tiêm Kwikpen: Eli Lilly and Company | M81: CSSX ống thuốc: Pháp; Cơ sở lắp ráp, đóng gói bút tiêm Kwikpen: Mỹ | N81: Bút tiêm | O81: 198000 | P81: 1260 | Q81: =ROUNDDOWN((P81*30%),0) -> 378 | R81: 449/QĐ-BVĐN | S81: =VLOOKUP(B81,[1]GỐC!$B:$F,5,0) -> Quỹ bảo hiểm y tế thanh toán 50% đối với dạng trộn. hỗn hợp giữa insulin Degludec và insulin Aspart; thanh toán 100% đối với các dạng còn lại. | V81: CÔNG TY CỔ PHẦN DƯỢC - THIẾT BỊ Y TẾ ĐÀ NẴNG
A82: 78 | B82: 788 | C82: Nhóm 1 | D82: Humalog Mix 50/50 Kwikpen | E82: Insulin analog trộn, hỗn hợp | F82: 300U (tương đương 10,5mg)/3ml | G82: Tiêm | H82: Hỗn dịch tiêm | I82: Hộp 5 bút tiêm bơm sẵn thuốc x 3ml (15 kim kèm theo) | J82: 36 tháng | K82: 300410177600 | L82: CSSX ống thuốc: Lilly France; Cơ sở lắp ráp, đóng gói bút tiêm Kwikpen: Eli Lilly and Company | M82: CSSX ống thuốc: Pháp; Cơ sở lắp ráp, đóng gói bút tiêm Kwikpen: Hoa Kỳ | N82: Bút tiêm | O82: 198000 | P82: 1100 | Q82: =ROUNDDOWN((P82*30%),0) -> 330 | R82: 449/QĐ-BVĐN | S82: =VLOOKUP(B82,[1]GỐC!$B:$F,5,0) -> Quỹ bảo hiểm y tế thanh toán 50% đối với dạng trộn. hỗn hợp giữa insulin Degludec và insulin Aspart; thanh toán 100% đối với các dạng còn lại. | V82: CÔNG TY CỔ PHẦN DƯỢC - THIẾT BỊ Y TẾ ĐÀ NẴNG
A83: 79 | B83: 791 | C83: Nhóm 1 | D83: Scilin M30 (30/70) | E83: Insulin người trộn, hỗn hợp | F83: 100IU/ml x 10ml (tỷ lệ 30/70) | G83: Tiêm | H83: Hỗn dịch tiêm | I83: Hộp 1 lọ x 10ml | J83: 36 tháng | K83: 590410647424 | L83: Bioton S.A. | M83: Ba Lan | N83: Lọ | O83: 115000 | P83: 1370 | Q83: =ROUNDDOWN((P83*30%),0) -> 411 | R83: 449/QĐ-BVĐN | V83: CÔNG TY CỔ PHẦN DƯỢC PHẨM NAM HÀ
A84: 80 | B84: 804 | C84: Nhóm 1 | D84: Berlthyrox 100 | E84: Levothyroxin (muối natri) | F84: 0,1mg | G84: Uống | H84: Viên nén | I84: Hộp 4 vỉ x 25 viên nén | J84: 36 tháng | K84: 400110179525 | L84: Berlin-Chemie AG (Cơ sở đóng gói và xuất xưởng: Berlin-Chemie AG) | M84: Đức | N84: Viên | O84: 864 | P84: 602200 | Q84: =ROUNDDOWN((P84*30%),0) -> 180660 | R84: 449/QĐ-BVĐN | V84: CÔNG TY CỔ PHẦN DƯỢC LIỆU TRUNG ƯƠNG 2
A85: 81 | B85: 813 | C85: Nhóm 4 | D85: Huyết thanh kháng nọc rắn hổ đất tinh chế (SAV) | E85: Huyết thanh kháng nọc rắn | F85: 1000LD50 | G85: Tiêm | H85: Dung dịch tiêm | I85: Hộp 10 lọ x 1000 LD50/lọ | J85: 24 tháng | K85: 893410323825 (QLSP-0776-14) | L85: Viện Vắc xin và Sinh phẩm Y tế (IVAC) | M85: Việt Nam | N85: Lọ | O85: 507014 | P85: 60 | Q85: =ROUNDDOWN((P85*30%),0) -> 18 | R85: 449/QĐ-BVĐN | V85: CÔNG TY CỔ PHẦN DƯỢC PHẨM TƯỜNG KHUÊ
A86: 82 | B86: 813 | C86: Nhóm 4 | D86: Huyết thanh kháng nọc rắn lục tre tinh chế (SAV) | E86: Huyết thanh kháng nọc rắn | F86: 1000LD50 | G86: Tiêm | H86: Dung dịch tiêm | I86: Hộp 10 lọ x 1000 LD50/lọ | J86: 24 tháng | K86: 893410323925 (QLSP-0777-14) | L86: Viện Vắc xin và Sinh phẩm Y tế (IVAC) | M86: Việt Nam | N86: Lọ | O86: 507014 | P86: 3600 | Q86: =ROUNDDOWN((P86*30%),0) -> 1080 | R86: 449/QĐ-BVĐN | V86: CÔNG TY CỔ PHẦN DƯỢC PHẨM TƯỜNG KHUÊ
A87: 83 | B87: 814 | C87: Nhóm 4 | D87: Huyết thanh kháng độc tố uốn ván tinh chế (SAT) | E87: Huyết thanh kháng uốn ván | F87: 1500 đvqt | G87: Tiêm | H87: Dung dịch tiêm | I87: Hộp 20 ống, hai vỉ x 1500 đvqt | J87: 24 tháng, kể từ ngày cơ sở sản xuất thực hiện thử nghiệm công hiệu cho kết quả có giá trị | K87: 893410250823 (QLSP-1037-17) | L87: Viện Vắc xin và Sinh phẩm Y tế (IVAC) | M87: Việt Nam | N87: Ống | O87: 34852 | P87: 11280 | Q87: =ROUNDDOWN((P87*30%),0) -> 3384 | R87: 449/QĐ-BVĐN | V87: CÔNG TY CỔ PHẦN DƯỢC PHẨM TƯỜNG KHUÊ
A88: 84 | B88: 835 | C88: Nhóm 1 | D88: Liposic Eye Gel | E88: Carbomer | F88: 0,2% (2mg/g) | G88: Nhỏ mắt | H88: Gel tra mắt | I88: Hộp/ 1 tuýp 10g | J88: 36 tháng | K88: VN-15471-12 | L88: Dr. Gerhard Mann Chem.- Pharm. Fabrik GmbH | M88: Đức | N88: Tuýp | O88: 65000 | P88: 720 | Q88: =ROUNDDOWN((P88*30%),0) -> 216 | R88: 449/QĐ-BVĐN | V88: CÔNG TY TNHH THƯƠNG MẠI DƯỢC PHẨM ĐAN THANH
A89: 85 | B89: 849 | C89: Nhóm 1 | D89: Lotemax | E89: Loteprednol etabonat | F89: 0,5% (5mg/ ml) | G89: Nhỏ mắt | H89: Hỗn dịch nhỏ mắt | I89: Hộp/ 1 lọ 5ml | J89: 24 tháng | K89: VN-18326-14 | L89: Bausch & Lomb Incorporated | M89: Mỹ | N89: Lọ | O89: 219500 | P89: 720 | Q89: =ROUNDDOWN((P89*30%),0) -> 216 | R89: 449/QĐ-BVĐN | V89: CÔNG TY TNHH THƯƠNG MẠI DƯỢC PHẨM ĐAN THANH
A90: 86 | B90: 872 | C90: Nhóm 4 | D90: AGIHISTINE 16 | E90: Betahistin | F90: 16mg Betahistin dihydroclorid | G90: Uống | H90: Viên nén | I90: Hộp 2 vỉ x 20 viên | J90: 36 tháng | K90: 893110255323 (VD-29650-18) | L90: CN Cty CPDP Agimexpharm - Nhà máy SX DP Agimexpharm | M90: Việt Nam | N90: Viên | O90: 172 | P90: 50000 | Q90: =ROUNDDOWN((P90*30%),0) -> 15000 | R90: 449/QĐ-BVĐN | V90: CÔNG TY CP DƯỢC PHẨM AGIMEXPHARM
A91: 87 | B91: 872 | C91: Nhóm 1 | D91: Betixtin | E91: Betahistin | F91: 24 mg Betahistin dihydroclorid | G91: Uống | H91: Viên nén | I91: Hộp 3 vỉ x 10 viên | J91: 24 tháng | K91: 594110298525 | L91: Antibiotice SA | M91: Romania | N91: Viên | O91: 5616 | P91: 71600 | Q91: =ROUNDDOWN((P91*30%),0) -> 21480 | R91: 449/QĐ-BVĐN | V91: CÔNG TY CỔ PHẦN DƯỢC PHẨM KHÁNH HÀ
A92: 88 | B92: 872 | C92: Nhóm 4 | D92: Betahistin 24 A.T | E92: Betahistin | F92: 24 mg | G92: Uống | H92: Viên nén | I92: Hộp 10 vỉ x 10 viên | J92: 36 tháng | K92: 893110017000 | L92: Công ty Cổ phần Dược phẩm An Thiên | M92: Việt Nam | N92: Viên | O92: 352 | P92: 53110 | Q92: =ROUNDDOWN((P92*30%),0) -> 15933 | R92: 449/QĐ-BVĐN | V92: CÔNG TY TNHH DƯỢC PHẨM ATIPHARM
A93: 89 | B93: 882 | C93: Nhóm 1 | D93: Dorithricin | E93: Tyrothricin + benzocain+ benzalkonium | F93: 0,5mg + 1mg + 1,5mg | G93: Ngậm | H93: Viên ngậm họng | I93: Hộp/ 2 vỉ x 10 viên | J93: 24 tháng | K93: 400100014224 (VN-20293-17) | L93: Medice Arzneimittel Pütter GmbH & Co. KG | M93: Đức | N93: Viên | O93: 2880 | P93: 1000 | Q93: =ROUNDDOWN((P93*30%),0) -> 300 | R93: 449/QĐ-BVĐN | V93: CÔNG TY TNHH THƯƠNG MẠI DƯỢC PHẨM ĐAN THANH
A94: 90 | B94: 883 | C94: Nhóm 4 | D94: Otrera 0,1% | E94: Xylometazolin | F94: 10mg/10ml (0,1%) | G94: Xịt mũi | H94: Dung dịch xịt mũi | I94: Hộp 1 chai x 10ml | J94: 36 tháng | K94: 893100353923 | L94: Công ty Cổ phần Dược phẩm An Thiên | M94: Việt Nam | N94: Chai | O94: 21000 | P94: 50 | Q94: =ROUNDDOWN((P94*30%),0) -> 15 | R94: 449/QĐ-BVĐN | V94: CÔNG TY TNHH DƯỢC PHẨM ATIPHARM
... A99: 95 | B99: 984 | C99: Nhóm 1 | D99: Panangin | E99: Magnesi aspartat + kali aspartat | F99: 140mg + 158mg | G99: Uống | H99: Viên nén bao phim | I99: Hộp 1 lọ 50 viên | J99: 60 tháng | K99: 599100133424 (VN-21152-18) | L99: Gedeon Richter Plc | M99: Hungary | N99: Viên | O99: 2800 | P99: 30100 | Q99: =ROUNDDOWN((P99*30%),0) -> 9030 | R99: 449/QĐ-BVĐN | V99: CÔNG TY CỔ PHẦN DƯỢC PHẨM BẾN TRE
A100: 96 | B100: 987 | C100: Nhóm 1 | D100: Aminoplasmal B.Braun 5% E | E100: Acid amin* | F100: 5%/250ml | G100: Tiêm truyền | H100: Dung dịch tiêm truyền tĩnh mạch | I100: Hộp 10 chai 250ml | J100: 36 tháng | K100: VN-18161-14 | L100: B.Braun Melsungen AG | M100: Đức | N100: Chai | O100: 72420 | P100: 1800 | Q100: =ROUNDDOWN((P100*30%),0) -> 540 | R100: 449/QĐ-BVĐN | S100: =VLOOKUP(B100,[1]GỐC!$B:$F,5,0) -> BBHC | V100: CÔNG TY CỔ PHẦN DƯỢC PHẨM TRUNG ƯƠNG CPC1
A101: 97 | B101: 987 | C101: Nhóm 1 | D101: Aminosteril N-Hepa 8% | E101: Acid amin* | F101: 250ml dung dịch chứa: L-isoleucin 2,60g; L-leucin 3,27g; L-lysin acetat 2,43g tương đương với L-lysin 1,72g; L-methionin 0,28g; N-acetyl L-cystein 0,18g tương đương với L-cystein 0,13g; L-phenylalanin 0,22g; L-threonin 1,10g; L-tryptophan 0,18g; L-valin 2,52g; L-arginin 2,68g; L-histidin 0,70g; Glycin 1,46g; L-alanin 1,16g; L-prolin 1,43g; L-serin 0,56g | G101: Tiêm truyền tĩnh mạch | H101: Dung dịch tiêm truyền | I101: Thùng 10 chai 250ml | J101: 36 tháng | K101: VN-22744-21 | L101: Fresenius Kabi Austria GmbH | M101: Áo | N101: Chai | O101: 104000 | P101: 2410 | Q101: =ROUNDDOWN((P101*30%),0) -> 723 | R101: 449/QĐ-BVĐN | S101: =VLOOKUP(B101,[1]GỐC!$B:$F,5,0) -> BBHC | V101: CÔNG TY CỔ PHẦN DƯỢC LIỆU TRUNG ƯƠNG 2
A102: 98 | B102: 987 | C102: Nhóm 2 | D102: Hepagold | E102: Acid amin* | F102: 8%/250ml | G102: Tiêm truyền | H102: Dung dịch tiêm truyền | I102: Thùng chứa 10 túi 250ml | J102: 24 tháng | K102: 880110015725 (VN-21298-18) | L102: JW Life Science Corporation | M102: Hàn Quốc | N102: Túi | O102: 97000 | P102: 1500 | Q102: =ROUNDDOWN((P102*30%),0) -> 450 | R102: 449/QĐ-BVĐN | S102: =VLOOKUP(B102,[1]GỐC!$B:$F,5,0) -> BBHC | V102: CÔNG TY CỔ PHẦN DƯỢC PHẨM QUỐC TẾ - UK PHARMA
A103: 99 | B103: 987 | C103: Nhóm 4 | D103: Amiparen 10% | E103: Acid amin* | F103: 10%/500ml | G103: Tiêm | H103: Dung dịch tiêm truyền tĩnh mạch | I103: Thùng 20 túi x 500ml | J103: 24 tháng | K103: 893110453623 | L103: Công ty Cổ Phần Dược Phẩm Otsuka Việt Nam | M103: Việt Nam | N103: Túi | O103: 139000 | P103: 1500 | Q103: =ROUNDDOWN((P103*30%),0) -> 450 | R103: 449/QĐ-BVĐN | S103: =VLOOKUP(B103,[1]GỐC!$B:$F,5,0) -> BBHC | V103: CÔNG TY CỔ PHẦN DƯỢC PHẨM TRUNG ƯƠNG CODUPHA
A104: 100 | B104: 990 | C104: Nhóm 1 | D104: Nutriflex Lipid Peri | E104: Acid amin + glucose + lipid (*) | F104: (40g + 80g + 50g + Chất điện giải)/ 1250ml | G104: Tiêm truyền | H104: Nhũ tương tiêm truyền | I104: Hộp 05 Túi x 1250 ml, (túi chia 3 ngăn) | J104: 24 tháng | K104: VN-19792-16 | L104: B.Braun Melsungen AG | M104: Đức | N104: Túi | O104: 856800 | P104: 600 | Q104: =ROUNDDOWN((P104*30%),0) -> 180 | R104: 449/QĐ-BVĐN | S104: =VLOOKUP(B104,[1]GỐC!$B:$F,5,0) -> - BBHC + Duyệt GĐ - Quỹ bảo hiểm y tế thanh toán: Acid amin + glucose + lipid (*); Acid amin + glucose + lipid + điện giải (*); đối với trường hợp bệnh nặng không nuôi dưỡng được bằng đường tiêu hóa hoặc qua ống xông mà phải nuôi dưỡng đường tĩnh mạch trong: hồi sức, cấp cứu, ung thư, bệnh đường tiêu hóa, suy dinh dưỡng nặng; thanh toán 50%. | V104: CÔNG TY CỔ PHẦN DƯỢC PHẨM TRUNG ƯƠNG CPC1
A105: 101 | B105: 992 | C105: Nhóm 4 | D105: Glucose 5% | E105: Glucose | F105: 5%/500ml (chai thủy tinh) | G105: Tiêm | H105: Dung dịch tiêm truyền | I105: Thùng 12 chai thủy tinh 500ml | J105: 36 tháng | K105: 893110238000 (VD-28252-17) | L105: Công ty Cổ phần Fresenius Kabi Việt Nam | M105: Việt Nam | N105: Chai | O105: 24000 | P105: 1100 | Q105: =ROUNDDOWN((P105*30%),0) -> 330 | R105: 449/QĐ-BVĐN | V105: CÔNG TY TNHH DƯỢC PHẨM TRUNG VIỆT
A106: 102 | B106: 1000 | C106: Nhóm 4 | D106: Glucolyte-2 | E106: Natri clorid + kali clorid + monobasic kali phosphat + natri acetat + magnesi sulfat + kẽm sulfat + dextrose | F106: Mỗi túi 500ml chứa: Dextrose anhydrous 37,5g; Kali clorid 0,375g; Kẽm sulfat.7H2O (tương đương Kẽm sulfat 3,234mg) 5,76mg; Magne sulfat.7H2O (tương đương Magne sulfat 0,154g) 0,316g; Monobasic kali phosphat 0,68g; Natri acetat. 3H2O (tương đương Natri acetat 0,41g) 0,68g; Natri clorid 1,955g | G106: Tiêm | H106: Dung dịch tiêm truyền tĩnh mạch | I106: Thùng 20 túi x 500ml | J106: 36 tháng | K106: 893110071400 (VD-25376-16) | L106: Công ty Cổ phần dược phẩm Otsuka Việt Nam | M106: Việt Nam | N106: Túi | O106: 17000 | P106: 69710 | Q106: =ROUNDDOWN((P106*30%),0) -> 20913 | R106: 449/QĐ-BVĐN | V106: CÔNG TY CỔ PHẦN DƯỢC PHẨM TRUNG ƯƠNG CODUPHA
A107: 103 | B107: 1015 | C107: Nhóm 4 | D107: Docalciole 0,25 mcg | E107: Calcitriol | F107: 0,25mcg | G107: Uống | H107: Viên nang mềm | I107: Hộp 1 vỉ x 10 viên, hộp 3 vỉ x 10 viên, hộp 10 vỉ x 10 viên | J107: 24 tháng | K107: 893110089124 | L107: Công ty Cổ phần Xuất nhập khẩu Y tế DOMESCO | M107: Việt Nam | N107: Viên | O107: 2310 | P107: 108000 | Q107: =ROUNDDOWN((P107*30%),0) -> 32400 | R107: 449/QĐ-BVĐN | V107: CÔNG TY CP XUẤT NHẬP KHẨU Y TẾ DOMESCO
A108: 104 | B108: 1024 | C108: Nhóm 5 | D108: Trivit-B | E108: Vitamin B1 + B6 + B12 | F108: 100mg + 50mg + 1000mcg | G108: Tiêm | H108: Dung dịch tiêm | I108: Hộp 10 ống 3ml | J108: 24 tháng | K108: VN-19998-16 | L108: T.P. Drug Laboratories (1969) Co., Ltd. | M108: Thailand | N108: Ống | O108: 14495 | P108: 14600 | Q108: =ROUNDDOWN((P108*30%),0) -> 4380 | R108: 449/QĐ-BVĐN | V108: CÔNG TY TNHH THƯƠNG MẠI & DƯỢC PHẨM TÂM TOÀN PHÁT
A109: 105 | B109: 1029 | C109: Nhóm 4 | D109: Magnesi B6 | E109: Vitamin B6 + magnesi lactat | F109: Vitamin B6 (Pyridoxin hydroclorid) 5mg + Magnesi lactat dihydrat 470mg | G109: Uống | H109: Viên nén bao phim | I109: Hộp 10 vỉ, 50 vỉ x 10 viên | J109: 60 tháng | K109: 893100427524 (VD-30758-18) | L109: Công ty CP Dược Medipharco | M109: Việt Nam | N109: Viên | O109: 115 | P109: 726400 | Q109: =ROUNDDOWN((P109*30%),0) -> 217920 | R109: 449/QĐ-BVĐN | V109: LIÊN DANH MEDIPHARCO VÀ LƯƠNG ANH
A110: 106 | B110: 1029 | C110: Nhóm 4 | D110: Debomin | E110: Vitamin B6 + magnesi lactat | F110: Vitamin B6 (Pyridoxin hydroclorid) 10mg + Magnesi lactat dihydrat 940mg | G110: Uống | H110: Viên nén sủi | I110: Hộp 2 vỉ x 4 viên, Hộp 4 vỉ x 4 viên; Hộp 1 tuýp x 10 viên, Hộp 1 tuýp x 20 viên | J110: 36 tháng | K110: 893110071600 (VD-22507-15) | L110: Công ty cổ phần Dược phẩm Phương Đông | M110: Việt Nam | N110: Viên | O110: 2600 | P110: 14600 | Q110: =ROUNDDOWN((P110*30%),0) -> 4380 | R110: 449/QĐ-BVĐN | V110: CÔNG TY TNHH DƯỢC PHẨM ANH NGUYÊN ĐỨC
A111: 107 | B111: Ngoài TT20 | C111: Nhóm 1 | D111: Anoro Ellipta | E111: Umeclidinium bromide + Vilanterol | F111: 62,5mcg + 25mcg | G111: Hít qua đường miệng | H111: Thuốc bột hít phân liều | I111: Hộp 1 dụng cụ hít chứa 30 liều hít | J111: 24 tháng | K111: 500110088623 | L111: Glaxo Operations UK Limited (trading as Glaxo Wellcome Operations) | M111: UK | N111: Hộp | O111: 692948 | P111: 500 | Q111: =ROUNDDOWN((P111*30%),0) -> 150 | R111: 449/QĐ-BVĐN | V111: CÔNG TY CỔ PHẦN DƯỢC LIỆU TRUNG ƯƠNG 2
A112: 108 | B112: Ngoài TT20 | C112: Nhóm 1 | D112: Trelegy Ellipta | E112: Fluticasone furoate + Umeclidinium bromide + Vilanterol | F112: Mỗi liều chưa phóng thích chứa 100mcg fluticasone furoate; 62,5mcg umeclidinium (tương đương với 74,2mcg umeclidinium bromide) và 25mcg vilanterol (dạng trifenatate). Liều này tương ứng với liều phóng thích (liều đi ra khỏi đầu ngậm của dụng cụ hít) chứa 92mcg fluticasone furoate; 55mcg umeclidinium (tương đương với 65mcg umeclidinium bromide) và 22mcg vilanterol (dạng trifenatate) | G112: Hít qua miệng | H112: Thuốc bột hít phân liều | I112: Hộp có 1 dụng cụ hít chứa 30 liều hít | J112: 24 tháng | K112: 500110439823 | L112: Glaxo Operations UK Ltd (trading as Glaxo Wellcome Operations) | M112: Anh | N112: Hộp | O112: 1068900 | P112: 500 | Q112: =ROUNDDOWN((P112*30%),0) -> 150 | R112: 449/QĐ-BVĐN | V112: CÔNG TY CỔ PHẦN DƯỢC LIỆU TRUNG ƯƠNG 2
A113: 109 | B113: 953 | C113: Nhóm 1 | D113: Breztri Aerosphere | E113: Budesonide + Formoterol + Glycopyrronium | F113: 160mcg + 7,2mcg + 5mcg | G113: Hít/Đường hô hấp | H113: Hỗn dịch nén dưới áp suất dùng để hít | I113: Hộp gồm 1 túi nhôm chứa 1 bình xịt 120 liều | J113: 24 tháng | K113: 300110445423 | L113: AstraZeneca Dunkerque Production | M113: Pháp | N113: Bình | O113: 948680 | P113: 500 | Q113: =ROUNDDOWN((P113*30%),0) -> 150 | R113: 449/QĐ-BVĐN | V113: CÔNG TY CỔ PHẦN DƯỢC LIỆU TRUNG ƯƠNG 2
A114: 110 | B114: Ngoài TT20 | C114: Nhóm 5 | D114: Darzalex | E114: Daratumumab | F114: 20mg/ml | G114: Tiêm truyền | H114: Dung dịch đậm đặc để pha dung dịch truyền | I114: Hộp 1 lọ 20ml | J114: 36 tháng | K114: 760410037323 | L114: Cilag AG | M114: Thụy Sỹ | N114: Lọ | O114: 37213990 | P114: 100 | Q114: =ROUNDDOWN((P114*30%),0) -> 30 | R114: 449/QĐ-BVĐN | V114: CÔNG TY CỔ PHẦN DƯỢC - THIẾT BỊ Y TẾ ĐÀ NẴNG
A115: 111 | B115: Ngoài TT20 | C115: Nhóm 1 | D115: Milgamma mono 150 | E115: Benfotiamine | F115: 150mg | G115: Uống | H115: Viên bao đường | I115: Hộp 3 vỉ x 10 viên | J115: 36 tháng | K115: VN-18480-14 | L115: Dragenopharm Apotheker Püschl GmbH | M115: Đức | N115: Viên | O115: 11550 | P115: 4000 | Q115: =ROUNDDOWN((P115*30%),0) -> 1200 | R115: 449/QĐ-BVĐN | V115: CÔNG TY TNHH DƯỢC PHẨM VÀ TRANG THIẾT BỊ Y TẾ HOÀNG ĐỨC
A116: 112 | B116: Ngoài TT20 | C116: Nhóm 1 | D116: Ozempic | E116: Semaglutide | F116: 1,34mg/ml | G116: Tiêm | H116: Dung dịch tiêm | I116: Hộp 1 bút tiêm bơm sẵn thuốc 1,5ml dung dịch chứa 2mg Semaglutide và 6 kim tiêm dùng 1 lần (phân phối liều 0,25mg hoặc liều 0,5mg) | J116: 36 tháng | K116: 570410174600 | L116: Cơ sở sản xuất bán thành phẩm, đóng gói sơ cấp, xuất xưởng lô: Novo Nordisk A/S (Địa chỉ: Novo Alle 1, 2880 Bagsvaerd, Đan Mạch); Cơ sở đóng gói thứ cấp: Novo Nordisk A/S (Địa chỉ: Brennum Park 1, 3400 Hilleroed, Đan Mạch) | M116: Đan Mạch | N116: Bút tiêm | O116: 4500000 | P116: 50 | Q116: =ROUNDDOWN((P116*30%),0) -> 15 | R116: 449/QĐ-BVĐN | V116: CÔNG TY CỔ PHẦN DƯỢC - THIẾT BỊ Y TẾ ĐÀ NẴNG
A117: 113 | B117: Ngoài TT20 | C117: Nhóm 1 | D117: Ozempic | E117: Semaglutide | F117: 1,34mg/ml | G117: Tiêm | H117: Dung dịch tiêm | I117: Hộp 1 bút tiêm bơm sẵn thuốc 3ml dung dịch chứa 4mg Semaglutide và 4 kim tiêm dùng 1 lần (phân phối liều 1mg) | J117: 36 tháng | K117: 570410174600 | L117: Cơ sở sản xuất bán thành phẩm, đóng gói sơ cấp, xuất xưởng lô: Novo Nordisk A/S (Địa chỉ: Novo Alle 1, 2880 Bagsvaerd, Đan Mạch); Cơ sở đóng gói thứ cấp: Novo Nordisk A/S (Địa chỉ: Brennum Park 1, 3400 Hilleroed, Đan Mạch) | M117: Đan Mạch | N117: Bút tiêm | O117: 4500000 | P117: 50 | Q117: =ROUNDDOWN((P117*30%),0) -> 15 | R117: 449/QĐ-BVĐN | V117: CÔNG TY CỔ PHẦN DƯỢC - THIẾT BỊ Y TẾ ĐÀ NẴNG
A118: 114 | B118: Ngoài TT20 | C118: Nhóm 1 | D118: Primovist | E118: Gadoxetate disodium | F118: 0,25mmol/ml | G118: Tiêm | H118: Dung dịch tiêm | I118: Hộp 1 bơm tiêm thủy tinh chứa 10ml dung dịch tiêm | J118: 60 tháng | K118: VN-21368-18 | L118: Bayer AG | M118: Đức | N118: Bơm tiêm | O118: 4410000 | P118: 10 | Q118: =ROUNDDOWN((P118*30%),0) -> 3 | R118: 449/QĐ-BVĐN | V118: CÔNG TY CỔ PHẦN DƯỢC LIỆU TRUNG ƯƠNG 2
A119: 115 | B119: Ngoài TT20 | C119: Nhóm 1 | D119: Relestat | E119: Epinastine hydrochlorid | F119: 0.5mg/ml | G119: Nhỏ mắt | H119: Dung dịch nhỏ mắt | I119: Hộp 1 lọ 5ml | J119: 24 tháng | K119: VN-19769-16 (Có QĐ gia hạn số 573/QĐ-QLD ngày 23/09/2022) | L119: Allergan Pharmaceuticals Ireland | M119: Ireland | N119: Lọ | O119: 74840 | P119: 1200 | Q119: =ROUNDDOWN((P119*30%),0) -> 360 | R119: 449/QĐ-BVĐN | V119: CÔNG TY CỔ PHẦN DƯỢC - THIẾT BỊ Y TẾ ĐÀ NẴNG
A120: 116 | B120: Ngoài TT20 | C120: Nhóm 1 | D120: Soliqua Solostar | E120: Insulin glargine + Lixisenatide | F120: Insulin glargine 100 đơn vị/ml, Lixisenatide 50mcg/ml | G120: Tiêm | H120: Dung dịch tiêm trong bút tiêm nạp sẵn | I120: Hộp 3 bút tiêm x 3ml | J120: 36 tháng | K120: 400410179400 (SP3-1236-22) | L120: Sanofi-Aventis Deutschland GmbH | M120: Đức | N120: Bút tiêm | O120: 490000 | P120: 12000 | Q120: =ROUNDDOWN((P120*30%),0) -> 3600 | R120: 449/QĐ-BVĐN | V120: CÔNG TY TNHH DƯỢC PHẨM VÀ TRANG THIẾT BỊ Y TẾ HOÀNG ĐỨC
...

Sheet Phụ lục II
A1: Phụ lục II: HƯỚNG DẪN THỰC HIỆN DANH MỤC THUỐC BỔ SUNG TẠI BỆNH VIỆN ĐÀ NẴNG NĂM 2026
A2: (Đính kèm Thông báo số /TB-BVĐN ngày / /2026 của Bệnh viện Đà Nẵng)
A4: STT | B4: Nội dung (viết tắt) | C4: Hướng dẫn
A5: 1 | B5: Phụ lục I | C5: Căn cứ Quyết định số 165/QĐ-TTMS ngày 29 tháng 12 năm 2025 của Giám đốc Trung tâm mua sắm tập trung thuốc quốc gia về việc phê duyệt kết quả lựa chọn nhà thầu qua mạng gói thầu cung cấp thuốc cho các cơ sở y tế giai đoạn 2024-2026 đợt 3 (Mã hiệu: ĐTTT.2025.1) thuộc Kế hoạch lựa chọn nhà thầu cung cấp thuốc thuộc danh mục đấu thầu tập trung cấp quốc gia giai doạn 2024-2026 do Trung tâm Mua sắm tập trung thuốc Quốc gia thực hiện đợt 3, trong đó: - Danh mục thuốc gồm 01 thuốc, sử dụng cho Bệnh viện Đà Nẵng. - Loại hợp đồng: Hợp đồng theo đơn giá cố định. - Thời gian thực hiện hợp đồng: 12 tháng. - Nguồn vốn: Nguồn quỹ bảo hiểm y tế, ngân sách nhà nước, nguồn thu từ dịch vụ khám bệnh, chữa bệnh và nguồn thu hợp pháp khác của cơ sở y tế. Căn cứ Quyết định số 449/QĐ-BVĐN ngày 30 tháng 03 năm 2026 của Giám đốc Bệnh viện Đà Nẵng về việc phê duyệt kết quả lựa chọn nhà thầu qua mạng Gói thầu thuốc generic (Gồm 161 danh mục) thuộc kế hoạch lựa chọn nhà thầu dự toán mua sắm Mua bổ sung thuốc generic 12 tháng cho Bệnh viện Đà Nẵng năm 2026 thuộc dự toán mua sắm Mua bổ sung thuốc generic 12 tháng cho Bệnh viện Đà Nẵng năm 2026 - Danh mục thuốc gồm 119 thuốc, sử dụng cho Bệnh viện Đà Nẵng. - Loại hợp đồng: Hợp đồng theo đơn giá cố định. - Thời gian thực hiện hợp đồng: 12 tháng từ ngày hợp đồng có hiệu lực. - Nguồn vốn: Nguồn ngân sách nhà nước, nguồn thu hoạt động sự nghiệp của Bệnh viện Đà Nẵng.
A6: 2 | B6: Thông tư số 20/2022/TT-BYT ngày 31/12/2022 (TT20) | C6: - Nội dung Thông tư số 20/2022/TT-BYT ngày 31 tháng 12 năm 2022 của Bộ Y tế ban hành danh mục và tỷ lệ, điều kiện thanh toán đối với thuốc hóa dược, sinh phẩm, thuốc phóng xạ và chất đánh dấu thuộc phạm vi được hưởng của người tham gia bảo hiểm y tế. - Thuốc đánh theo Số thứ tự của hoạt chất, đường dùng, dạng dùng theo Thông tư số 20/2022/TT-BYT: thanh toán theo nguồn Quỹ Bảo hiểm y tế.
A7: 3 | B7: Lưu ý kê đơn
A8: 3.1 | B8: Biên bản hội chẩn (BBHC) | C8: Phải được hội chẩn trước khi sử dụng, trừ trường hợp cấp cứu thì hoàn thiện BBHC sau. Đối với thuốc kháng sinh có lưu ý BBHC, Quỹ bảo hiểm y tế thanh toán khi thực hiện đúng quy trình hội chẩn khi kê đơn theo quy định về Hướng dẫn thực hiện quản lý sử dụng kháng sinh trong bệnh viện của Bộ Y tế
A9: 3.2 | B9: Duyệt BGĐ | C9: Phải duyệt Ban giám đốc trước khi sử dụng
A10: 3.3 | B10: Thuốc có quy định điều kiện, tỉ lệ thanh toán | C10: Chỉ được thanh toán BHYT đối với các trường hợp kê đơn đúng theo quy định điều kiện, tỉ lệ thanh toán
C11: - "Ngoài TT20": Thuốc có hoạt chất, đường dùng không thuộc Thông tư số 20/2022/TT-BYT: thanh toán theo nguồn khác không phải nguồn Bảo hiểm y tế như Nguồn kinh phí từ thu hoạt động sự nghiệp, nguồn tài chính hợp pháp được sử dụng theo quy định của pháp luật.
